{"RealSkipBayless": {"word_1": 0.47895316185792236, "word_2": 0.5632299270300828, "word_3": 0.8431559062163823, "word_4": 0.3048126909526111, "word_5": 0.07714132449245181, "word_6": 0.30669712802666205, "word_7": 0.8277729717729753, "word_8": 0.6884956526386322, "word_9": 0.44619747813258537, "word_10": 0.8587188206802726, "word_11": 0.37686381877669317, "word_12": 0.4152867242476792, "word_13": 0.6148804083614134, "word_14": 0.6708649318682048, "word_15": 0.8763021733411339}, "ShannonSharpe": {"word_1": 0.48790132541965003, "word_2": 0.2534735783529336, "word_3": 0.08707003648179545, "word_4": 0.5884138521829464, "word_5": 0.110494572983042, "word_6": 0.6579487729363555, "word_7": 0.013048326212790617, "word_8": 0.1237504994039399, "word_9": 0.4217265432921964, "word_10": 0.5064490414771083, "word_11": 0.7942164289235327, "word_12": 0.37410869641980515, "word_13": 0.4326045134283807, "word_14": 0.08533113052718544, "word_15": 0.5942178000246907}, "PatMcAfeeShow": {"word_1": 0.325986458457597, "word_2": 0.0660981074102589, "word_3": 0.28160578574585826, "word_4": 0.3484021924028339, "word_5": 0.7190662670662104, "word_6": 0.4778949431269006, "word_7": 0.1301335416895666, "word_8": 0.15645905025698403, "word_9": 0.0067551282165706494, "word_10": 0.4421987667223003, "word_11": 0.24408063900179455, "word_12": 0.3279612147293486, "word_13": 0.050997533953964, "word_14": 0.8596027578306313, "word_15": 0.08226882990526774}, "stephenasmith": {"word_1": 0.16223814024160843, "word_2": 0.33572326900850913, "word_3": 0.6981479974407402, "word_4": 0.29822900642544714, "word_5": 0.701727700556245, "word_6": 0.9557507141112824, "word_7": 0.3383494963668148, "word_8": 0.05391239079005572, "word_9": 0.2638226973606079, "word_10": 0.9768391279702876, "word_11": 0.33394350312088217, "word_12": 0.22602561935062992, "word_13": 0.5373230780719604, "word_14": 0.46978519432174626, "word_15": 0.6353315183715453}, "maxkellerman": {"word_1": 0.30503006720412496, "word_2": 0.5129285071358325, "word_3": 0.8876717792284854, "word_4": 0.6095032827273584, "word_5": 0.9025390542477136, "word_6": 0.31012095591975297, "word_7": 0.044277513346685504, "word_8": 0.7129165120299937, "word_9": 0.0388842671648143, "word_10": 0.8772651164167016, "word_11": 0.5802169561187251, "word_12": 0.30544056300221023, "word_13": 0.5433170282468315, "word_14": 0.48453282362340866, "word_15": 0.9984563075594372}, "EmmaWatson": {"word_1": 0.5312868720990138, "word_2": 0.9681504737083301, "word_3": 0.16060198701097472, "word_4": 0.3632252222730876, "word_5": 0.9356545386558208, "word_6": 0.10645074947642841, "word_7": 0.8561190663195857, "word_8": 0.35662184602148406, "word_9": 0.44016018317278727, "word_10": 0.5410942551059233, "word_11": 0.24579343193790026, "word_12": 0.8180074573540455, "word_13": 0.9348334899529234, "word_14": 0.9566909671641204, "word_15": 0.45998824911878644}, "AnnaKendrick47": {"word_1": 0.8484685509033701, "word_2": 0.19604544765723964, "word_3": 0.5461671764989471, "word_4": 0.47074298122486014, "word_5": 0.16677346144683736, "word_6": 0.5668617306404321, "word_7": 0.30397416732262006, "word_8": 0.4376602236143994, "word_9": 0.287922484832819, "word_10": 0.21723906183265818, "word_11": 0.29382959158721744, "word_12": 0.43634657843976976, "word_13": 0.7363607723011283, "word_14": 0.27590976900891007, "word_15": 0.2300970403291661}, "VancityReynolds": {"word_1": 0.04121953945621226, "word_2": 0.6316250870159473, "word_3": 0.35507765969091354, "word_4": 0.6842416053738779, "word_5": 0.7265159155819463, "word_6": 0.6307303411184442, "word_7": 0.2286320253760583, "word_8": 0.2995026925533434, "word_9": 0.12481366570472818, "word_10": 0.454645113875609, "word_11": 0.9270398183640921, "word_12": 0.8248643165177406, "word_13": 0.9458169343384533, "word_14": 0.3559026242487888, "word_15": 0.9621563358113032}, "Matt_Leblanc": {"word_1": 0.019198552553335357, "word_2": 0.695590559202707, "word_3": 0.8556874469434875, "word_4": 0.8471792595098812, "word_5": 0.789787549075327, "word_6": 0.7084008565080501, "word_7": 0.7925292118759647, "word_8": 0.6873099814513319, "word_9": 0.6496524427891738, "word_10": 0.1311652651143983, "word_11": 0.4560030304254219, "word_12": 0.03398714077887122, "word_13": 0.35163019362431813, "word_14": 0.36150729649798663, "word_15": 0.49743299122012175}, "RobertDowneyJr": {"word_1": 0.11576268527535427, "word_2": 0.8506529147605356, "word_3": 0.21292791322741011, "word_4": 0.8703742285564591, "word_5": 0.8044213602246836, "word_6": 0.13261472911989014, "word_7": 0.6187767322461435, "word_8": 0.8440671484643515, "word_9": 0.9375274137859811, "word_10": 0.7077725315871422, "word_11": 0.5029378515642324, "word_12": 0.5170408098680349, "word_13": 0.09784141876579033, "word_14": 0.16280170195764465, "word_15": 0.8843860955284387}, "KingJames": {"word_1": 0.43839524598888435, "word_2": 0.7073081746612196, "word_3": 0.03039800530856196, "word_4": 0.2409928584113964, "word_5": 0.28377673344836407, "word_6": 0.7804414671866184, "word_7": 0.12900980082014124, "word_8": 0.4290728148917914, "word_9": 0.6012933701290517, "word_10": 0.7731854567619921, "word_11": 0.2818122847696807, "word_12": 0.8957330687626829, "word_13": 0.25232762404983833, "word_14": 0.6526492984549206, "word_15": 0.3982325866703835}, "KDTrey5": {"word_1": 0.9962323973105477, "word_2": 0.8763925164265464, "word_3": 0.9323231473068583, "word_4": 0.6889945075277114, "word_5": 0.4376482557788097, "word_6": 0.41264065934561567, "word_7": 0.38218514011351623, "word_8": 0.5029997681958535, "word_9": 0.17805304785432652, "word_10": 0.43498263866211373, "word_11": 0.620819987855547, "word_12": 0.08156691767319113, "word_13": 0.5332052834286186, "word_14": 0.8304171650666106, "word_15": 0.4127818530922023}, "Giannis_An34": {"word_1": 0.050317309581946135, "word_2": 0.44124960672515523, "word_3": 0.5055963891051907, "word_4": 0.6939627241201176, "word_5": 0.18138602152133465, "word_6": 0.704327243954338, "word_7": 0.16436536003534696, "word_8": 0.7580926351256748, "word_9": 0.9778498275383672, "word_10": 0.3084840428670733, "word_11": 0.9977612995024376, "word_12": 0.21651807288488834, "word_13": 0.7922091377211539, "word_14": 0.05558926191851543, "word_15": 0.4015583016416494}, "StephenCurry30": {"word_1": 0.9982919190389077, "word_2": 0.4850080345480743, "word_3": 0.9032611091551674, "word_4": 0.39329708307422406, "word_5": 0.9110095356827208, "word_6": 0.7724213312109482, "word_7": 0.3571237014877914, "word_8": 0.7508294322467646, "word_9": 0.13205871039189065, "word_10": 0.7973635354972223, "word_11": 0.7338033579617164, "word_12": 0.9759432589214221, "word_13": 0.46241932757227255, "word_14": 0.2587182621093348, "word_15": 0.18732619270906037}, "JoelEmbiid": {"word_1": 0.8588247514148974, "word_2": 0.06068736182109602, "word_3": 0.25441513258336856, "word_4": 0.542112077984746, "word_5": 0.49973339024959595, "word_6": 0.420409558645621, "word_7": 0.7883364983141989, "word_8": 0.7793134291104669, "word_9": 0.194974133384612, "word_10": 0.6175649365040677, "word_11": 0.5837108200085303, "word_12": 0.2266494598743537, "word_13": 0.017654861521714915, "word_14": 0.2562708407283193, "word_15": 0.9170554598033637}, "steveaoki": {"word_1": 0.543083383628882, "word_2": 0.26866954762230977, "word_3": 0.41602359487492957, "word_4": 0.91143657633289, "word_5": 0.26142982126765335, "word_6": 0.7675920577737275, "word_7": 0.7429645012823864, "word_8": 0.7153142840724718, "word_9": 0.8809955697673199, "word_10": 0.8672428628848443, "word_11": 0.5744469009832563, "word_12": 0.2583563897552722, "word_13": 0.7859759461837306, "word_14": 0.27866479026910784, "word_15": 0.7811563960507499}, "CousinStizz": {"word_1": 0.6490861705444885, "word_2": 0.12141222690758391, "word_3": 0.39644455340837803, "word_4": 0.6136255559348583, "word_5": 0.5258737949393322, "word_6": 0.21789769565755945, "word_7": 0.0870947010406925, "word_8": 0.05729472271822322, "word_9": 0.9947938477938638, "word_10": 0.6629977909096088,